email,n_samples,positive_rate,mean_score,accuracy,balanced_accuracy,brier_score,log_loss,roc_auc,eval_subset
charitytestuser46@yopmail.com,8,1.0,0.9821822643280029,1.0,,0.00031747163735529327,0.01797834535275781,,future_1_donations
charitytestuser7@yopmail.com,8,1.0,0.9813777804374695,1.0,,0.00034775628944982984,0.018798307134645163,,future_1_donations
charitytestuser274@yopmail.com,1,1.0,0.9475583434104919,1.0,,0.0027501273458518938,0.05386676776245894,,future_1_donations
charitytestuser269@yopmail.com,1,1.0,0.9450862407684326,1.0,,0.003015520952942552,0.056479095579925906,,future_1_donations
charitytestuser155@yopmail.com,1,1.0,0.9430280327796936,1.0,,0.0032458050489516665,0.05865926955861234,,future_1_donations
charitytestuser262@yopmail.com,2,1.0,0.9417867660522461,1.0,,0.0034220955256518693,0.05999520342031456,,future_1_donations
charitytestuser174@yopmail.com,2,1.0,0.9417678117752075,1.0,,0.003424521818120141,0.06001545379905672,,future_1_donations
charitytestuser196@yopmail.com,2,1.0,0.9412817358970642,1.0,,0.0034939894072785194,0.06053883079122706,,future_1_donations
charitytestuser21@yopmail.com,9,1.0,0.9500401020050049,1.0,,0.003547548148948149,0.05184902941044679,,future_1_donations
charitytestuser267@yopmail.com,1,1.0,0.9404059052467346,1.0,,0.0035514561294611724,0.06144368283069126,,future_1_donations
charitytestuser286@yopmail.com,2,1.0,0.9405725002288818,1.0,,0.0035793788254725456,0.0612935052378491,,future_1_donations
charitytestuser74@yopmail.com,1,1.0,0.9398776292800903,1.0,,0.0036146994609822514,0.06200559380937482,,future_1_donations
charitytestuser497@yopmail.com,1,1.0,0.9397948384284973,1.0,,0.0036246614798507437,0.062093684530571035,,future_1_donations
charitytestuser163@yopmail.com,2,1.0,0.9400703310966492,1.0,,0.0036341483584934053,0.06182467956831199,,future_1_donations
charitytestuser301@yopmail.com,2,1.0,0.9398823976516724,1.0,,0.0036807701866496956,0.06203827264594741,,future_1_donations
charitytestuser205@yopmail.com,2,1.0,0.9396663904190063,1.0,,0.0036881626480465,0.06225756246945817,,future_1_donations
charitytestuser87@yopmail.com,2,1.0,0.9393452405929565,1.0,,0.003692566631835703,0.0625799164271601,,future_1_donations
charitytestuser191@yopmail.com,2,1.0,0.9382104873657227,1.0,,0.0038227599174565086,0.06378366095443072,,future_1_donations
charitytestuser500@yopmail.com,1,1.0,0.9381563067436218,1.0,,0.003824642395588995,0.06383870553910864,,future_1_donations
charitytestuser504@yopmail.com,1,1.0,0.9381563067436218,1.0,,0.003824642395588995,0.06383870553910864,,future_1_donations
charitytestuser534@yopmail.com,1,1.0,0.9381563067436218,1.0,,0.003824642395588995,0.06383870553910864,,future_1_donations
charitytestuser546@yopmail.com,1,1.0,0.9381563067436218,1.0,,0.003824642395588995,0.06383870553910864,,future_1_donations
charitytestuser562@yopmail.com,1,1.0,0.9381563067436218,1.0,,0.003824642395588995,0.06383870553910864,,future_1_donations
charitytestuser565@yopmail.com,1,1.0,0.9381563067436218,1.0,,0.003824642395588995,0.06383870553910864,,future_1_donations
charitytestuser594@yopmail.com,1,1.0,0.9381563067436218,1.0,,0.003824642395588995,0.06383870553910864,,future_1_donations
charitytestuser620@yopmail.com,1,1.0,0.9381563067436218,1.0,,0.003824642395588995,0.06383870553910864,,future_1_donations
charitytestuser631@yopmail.com,1,1.0,0.9381563067436218,1.0,,0.003824642395588995,0.06383870553910864,,future_1_donations
charitytestuser641@yopmail.com,1,1.0,0.9381563067436218,1.0,,0.003824642395588995,0.06383870553910864,,future_1_donations
charitytestuser645@yopmail.com,1,1.0,0.9381563067436218,1.0,,0.003824642395588995,0.06383870553910864,,future_1_donations
charitytestuser646@yopmail.com,1,1.0,0.9381563067436218,1.0,,0.003824642395588995,0.06383870553910864,,future_1_donations
charitytestuser655@yopmail.com,1,1.0,0.9381563067436218,1.0,,0.003824642395588995,0.06383870553910864,,future_1_donations
charitytestuser660@yopmail.com,1,1.0,0.9381563067436218,1.0,,0.003824642395588995,0.06383870553910864,,future_1_donations
charitytestuser662@yopmail.com,1,1.0,0.9381563067436218,1.0,,0.003824642395588995,0.06383870553910864,,future_1_donations
charitytestuser720@yopmail.com,1,1.0,0.9381563067436218,1.0,,0.003824642395588995,0.06383870553910864,,future_1_donations
charitytestuser723@yopmail.com,1,1.0,0.9381563067436218,1.0,,0.003824642395588995,0.06383870553910864,,future_1_donations
charitytestuser725@yopmail.com,1,1.0,0.9381563067436218,1.0,,0.003824642395588995,0.06383870553910864,,future_1_donations
charitytestuser727@yopmail.com,1,1.0,0.9381563067436218,1.0,,0.003824642395588995,0.06383870553910864,,future_1_donations
charitytestuser732@yopmail.com,1,1.0,0.9381563067436218,1.0,,0.003824642395588995,0.06383870553910864,,future_1_donations
charitytestuser734@yopmail.com,1,1.0,0.9381563067436218,1.0,,0.003824642395588995,0.06383870553910864,,future_1_donations
charitytestuser745@yopmail.com,1,1.0,0.9381563067436218,1.0,,0.003824642395588995,0.06383870553910864,,future_1_donations
charitytestuser748@yopmail.com,1,1.0,0.9381563067436218,1.0,,0.003824642395588995,0.06383870553910864,,future_1_donations
charitytestuser757@yopmail.com,1,1.0,0.9381563067436218,1.0,,0.003824642395588995,0.06383870553910864,,future_1_donations
charitytestuser768@yopmail.com,1,1.0,0.9381563067436218,1.0,,0.003824642395588995,0.06383870553910864,,future_1_donations
charitytestuser771@yopmail.com,1,1.0,0.9381563067436218,1.0,,0.003824642395588995,0.06383870553910864,,future_1_donations
charitytestuser773@yopmail.com,1,1.0,0.9381563067436218,1.0,,0.003824642395588995,0.06383870553910864,,future_1_donations
charitytestuser777@yopmail.com,1,1.0,0.9381563067436218,1.0,,0.003824642395588995,0.06383870553910864,,future_1_donations
charitytestuser799@yopmail.com,1,1.0,0.9381563067436218,1.0,,0.003824642395588995,0.06383870553910864,,future_1_donations
charitytestuser805@yopmail.com,1,1.0,0.9381563067436218,1.0,,0.003824642395588995,0.06383870553910864,,future_1_donations
charitytestuser809@yopmail.com,1,1.0,0.9381563067436218,1.0,,0.003824642395588995,0.06383870553910864,,future_1_donations
charitytestuser813@yopmail.com,1,1.0,0.9381563067436218,1.0,,0.003824642395588995,0.06383870553910864,,future_1_donations
charitytestuser823@yopmail.com,1,1.0,0.9381563067436218,1.0,,0.003824642395588995,0.06383870553910864,,future_1_donations
charitytestuser829@yopmail.com,1,1.0,0.9381563067436218,1.0,,0.003824642395588995,0.06383870553910864,,future_1_donations
charitytestuser834@yopmail.com,1,1.0,0.9381563067436218,1.0,,0.003824642395588995,0.06383870553910864,,future_1_donations
charitytestuser835@yopmail.com,1,1.0,0.9381563067436218,1.0,,0.003824642395588995,0.06383870553910864,,future_1_donations
charitytestuser843@yopmail.com,1,1.0,0.9381563067436218,1.0,,0.003824642395588995,0.06383870553910864,,future_1_donations
charitytestuser846@yopmail.com,1,1.0,0.9381563067436218,1.0,,0.003824642395588995,0.06383870553910864,,future_1_donations
charitytestuser864@yopmail.com,1,1.0,0.9381563067436218,1.0,,0.003824642395588995,0.06383870553910864,,future_1_donations
charitytestuser867@yopmail.com,1,1.0,0.9381563067436218,1.0,,0.003824642395588995,0.06383870553910864,,future_1_donations
charitytestuser878@yopmail.com,1,1.0,0.9381563067436218,1.0,,0.003824642395588995,0.06383870553910864,,future_1_donations
charitytestuser884@yopmail.com,1,1.0,0.9381563067436218,1.0,,0.003824642395588995,0.06383870553910864,,future_1_donations
charitytestuser958@yopmail.com,1,1.0,0.9381563067436218,1.0,,0.003824642395588995,0.06383870553910864,,future_1_donations
charitytestuser962@yopmail.com,1,1.0,0.9381563067436218,1.0,,0.003824642395588995,0.06383870553910864,,future_1_donations
charitytestuser975@yopmail.com,1,1.0,0.9381563067436218,1.0,,0.003824642395588995,0.06383870553910864,,future_1_donations
charitytestuser997@yopmail.com,1,1.0,0.9381563067436218,1.0,,0.003824642395588995,0.06383870553910864,,future_1_donations
charitytestuser625@yopmail.com,2,1.0,0.937143087387085,1.0,,0.003952014269737347,0.06491985305051412,,future_1_donations
charitytestuser509@yopmail.com,2,1.0,0.9368466138839722,1.0,,0.003990069315607414,0.06523671833809197,,future_1_donations
charitytestuser532@yopmail.com,2,1.0,0.9363221526145935,1.0,,0.004058232369008152,0.06579760021008614,,future_1_donations
charitytestuser201@yopmail.com,1,1.0,0.9361299276351929,1.0,,0.004079386143885699,0.0660010005619196,,future_1_donations
charitytestuser228@yopmail.com,1,1.0,0.9361299276351929,1.0,,0.004079386143885699,0.0660010005619196,,future_1_donations
charitytestuser323@yopmail.com,1,1.0,0.9361299276351929,1.0,,0.004079386143885699,0.0660010005619196,,future_1_donations
charitytestuser239@yopmail.com,1,1.0,0.9360151290893555,1.0,,0.004094063705451845,0.06612363907817018,,future_1_donations
charitytestuser240@yopmail.com,1,1.0,0.9360151290893555,1.0,,0.004094063705451845,0.06612363907817018,,future_1_donations
charitytestuser284@yopmail.com,1,1.0,0.9360151290893555,1.0,,0.004094063705451845,0.06612363907817018,,future_1_donations
charitytestuser153@yopmail.com,1,1.0,0.9355368614196777,1.0,,0.004155496235625833,0.06663473113707531,,future_1_donations
charitytestuser156@yopmail.com,1,1.0,0.9355368614196777,1.0,,0.004155496235625833,0.06663473113707531,,future_1_donations
charitytestuser514@yopmail.com,2,1.0,0.9354466199874878,1.0,,0.004174485282549156,0.06673542264293164,,future_1_donations
charitytestuser525@yopmail.com,2,1.0,0.9354466199874878,1.0,,0.004174485282549156,0.06673542264293164,,future_1_donations
charitytestuser526@yopmail.com,2,1.0,0.9354466199874878,1.0,,0.004174485282549156,0.06673542264293164,,future_1_donations
charitytestuser527@yopmail.com,2,1.0,0.9354466199874878,1.0,,0.004174485282549156,0.06673542264293164,,future_1_donations
charitytestuser198@yopmail.com,2,1.0,0.9354125261306763,1.0,,0.004175030349884423,0.06676963605743472,,future_1_donations
charitytestuser231@yopmail.com,1,1.0,0.9347716569900513,1.0,,0.004254736731823527,0.06745299664224753,,future_1_donations
charitytestuser233@yopmail.com,1,1.0,0.9347716569900513,1.0,,0.004254736731823527,0.06745299664224753,,future_1_donations
charitytestuser89@yopmail.com,2,1.0,0.9342232346534729,1.0,,0.004326883626511346,0.0680400323519505,,future_1_donations
charitytestuser202@yopmail.com,1,1.0,0.932736873626709,1.0,,0.004524328169509317,0.06963213974675465,,future_1_donations
charitytestuser266@yopmail.com,1,1.0,0.932736873626709,1.0,,0.004524328169509317,0.06963213974675465,,future_1_donations
charitytestuser280@yopmail.com,1,1.0,0.9317190051078796,1.0,,0.004662294263457767,0.07072400642116812,,future_1_donations
charitytestuser150@yopmail.com,1,1.0,0.9315709471702576,1.0,,0.004682535271175681,0.07088292740687156,,future_1_donations
charitytestuser92@yopmail.com,2,1.0,0.9253607988357544,1.0,,0.005609576292773255,0.07759408436996439,,future_1_donations
charitytestuser489@yopmail.com,1,1.0,0.9231303930282593,1.0,,0.00590893647598989,0.07998478357055545,,future_1_donations
charitytestuser147@yopmail.com,2,1.0,0.9216099381446838,1.0,,0.006151049893393434,0.08163676589787038,,future_1_donations
charitytestuser930@yopmail.com,1,1.0,0.9180994033813477,1.0,,0.006707707726491208,0.08544961167329114,,future_1_donations
charitytestuser300@yopmail.com,3,0.6666666666666666,0.6684086918830872,1.0,1.0,0.007793408386518763,0.08667186317884211,1.0,future_1_donations
charitytestuser798@yopmail.com,2,0.5,0.5238234996795654,1.0,1.0,0.00790643279289241,0.08990024427457942,1.0,future_1_donations
charitytestuser33@yopmail.com,1,1.0,0.9077934622764587,1.0,,0.008502045598962837,0.09673839070804545,,future_1_donations
charitytestuser929@yopmail.com,1,1.0,0.9075093269348145,1.0,,0.00855452460405104,0.09705143528182492,,future_1_donations
charitytestuser160@yopmail.com,3,0.6666666666666666,0.675807535648346,1.0,1.0,0.009284342093939394,0.09231061312184717,1.0,future_1_donations
charitytestuser530@yopmail.com,3,0.6666666666666666,0.6707629561424255,1.0,1.0,0.009447241269319026,0.09530599949757333,1.0,future_1_donations
charitytestuser626@yopmail.com,3,0.6666666666666666,0.673333466053009,1.0,1.0,0.009712215355213752,0.09577638148720617,1.0,future_1_donations
charitytestuser47@yopmail.com,1,1.0,0.8964046835899353,1.0,,0.01073198958210142,0.10936331218064432,,future_1_donations
charitytestuser647@yopmail.com,2,0.5,0.5357338190078735,1.0,1.0,0.010798274734074131,0.10345707265755685,1.0,future_1_donations
charitytestuser90@yopmail.com,3,0.6666666666666666,0.6782256960868835,1.0,1.0,0.010886340881673062,0.09984153118246787,1.0,future_1_donations
charitytestuser885@yopmail.com,2,0.5,0.5374757647514343,1.0,1.0,0.011268787682670478,0.10547101812720662,1.0,future_1_donations
charitytestuser53@yopmail.com,2,0.5,0.5342206358909607,1.0,1.0,0.011709546289222605,0.10904497360336554,1.0,future_1_donations
charitytestuser719@yopmail.com,2,0.5,0.5404825806617737,1.0,1.0,0.01210950779902753,0.10896653400674335,1.0,future_1_donations
charitytestuser145@yopmail.com,3,0.3333333333333333,0.3974345028400421,1.0,1.0,0.012693857596406935,0.11428062925363264,1.0,future_1_donations
charitytestuser70@yopmail.com,1,1.0,0.8869305849075317,1.0,,0.01278469262935289,0.11998855801276362,,future_1_donations
charitytestuser392@yopmail.com,1,1.0,0.8862777948379517,1.0,,0.012932739946919014,0.1207248393280641,,future_1_donations
charitytestuser403@yopmail.com,1,1.0,0.8862777948379517,1.0,,0.012932739946919014,0.1207248393280641,,future_1_donations
charitytestuser536@yopmail.com,2,0.5,0.5475773215293884,1.0,1.0,0.014236562340115388,0.11731253533438588,1.0,future_1_donations
charitytestuser736@yopmail.com,2,1.0,0.8880511522293091,1.0,,0.0150430806852615,0.1203201995575113,,future_1_donations
charitytestuser399@yopmail.com,2,0.0,0.12278197705745697,1.0,,0.015226200725559497,0.13109770560477213,,future_1_donations
charitytestuser396@yopmail.com,2,0.0,0.1254482865333557,1.0,,0.015855956628139656,0.13412143751832314,,future_1_donations
charitytestuser260@yopmail.com,2,0.5,0.5507064461708069,1.0,1.0,0.016077863803516945,0.12519395933095634,1.0,future_1_donations
charitytestuser883@yopmail.com,1,0.0,0.13028396666049957,1.0,,0.016973911968794164,0.13958851907342334,,future_1_donations
charitytestuser595@yopmail.com,2,0.5,0.5592705607414246,1.0,1.0,0.018181659204104084,0.1313795112494402,1.0,future_1_donations
charitytestuser98@yopmail.com,3,0.6666666666666666,0.6369377970695496,1.0,1.0,0.01847926810269011,0.14335601533757109,1.0,future_1_donations
charitytestuser93@yopmail.com,1,0.0,0.13661448657512665,1.0,,0.01866351794218546,0.1468939745226312,,future_1_donations
charitytestuser375@yopmail.com,1,0.0,0.1387650966644287,1.0,,0.019255752052288244,0.14938798559098088,,future_1_donations
charitytestuser666@yopmail.com,2,0.5,0.5643742084503174,1.0,1.0,0.02007500594497824,0.13764552979469202,1.0,future_1_donations
charitytestuser554@yopmail.com,3,0.6666666666666666,0.7013141512870789,1.0,1.0,0.02030693500676861,0.13062148709613555,1.0,future_1_donations
charitytestuser902@yopmail.com,1,0.0,0.15214335918426514,1.0,,0.023147601743872315,0.16504371312357183,,future_1_donations
charitytestuser210@yopmail.com,1,0.0,0.15373335778713226,1.0,,0.02363394529650642,0.1669207891140235,,future_1_donations
charitytestuser416@yopmail.com,1,0.0,0.15373335778713226,1.0,,0.02363394529650642,0.1669207891140235,,future_1_donations
charitytestuser506@yopmail.com,1,0.0,0.15373335778713226,1.0,,0.02363394529650642,0.1669207891140235,,future_1_donations
charitytestuser560@yopmail.com,1,0.0,0.15373335778713226,1.0,,0.02363394529650642,0.1669207891140235,,future_1_donations
charitytestuser575@yopmail.com,1,0.0,0.15373335778713226,1.0,,0.02363394529650642,0.1669207891140235,,future_1_donations
charitytestuser649@yopmail.com,1,0.0,0.15373335778713226,1.0,,0.02363394529650642,0.1669207891140235,,future_1_donations
charitytestuser651@yopmail.com,1,0.0,0.15373335778713226,1.0,,0.02363394529650642,0.1669207891140235,,future_1_donations
charitytestuser673@yopmail.com,1,0.0,0.15373335778713226,1.0,,0.02363394529650642,0.1669207891140235,,future_1_donations
charitytestuser703@yopmail.com,1,0.0,0.15373335778713226,1.0,,0.02363394529650642,0.1669207891140235,,future_1_donations
charitytestuser749@yopmail.com,1,0.0,0.15373335778713226,1.0,,0.02363394529650642,0.1669207891140235,,future_1_donations
charitytestuser774@yopmail.com,1,0.0,0.15373335778713226,1.0,,0.02363394529650642,0.1669207891140235,,future_1_donations
charitytestuser817@yopmail.com,1,0.0,0.15373335778713226,1.0,,0.02363394529650642,0.1669207891140235,,future_1_donations
charitytestuser819@yopmail.com,1,0.0,0.15373335778713226,1.0,,0.02363394529650642,0.1669207891140235,,future_1_donations
charitytestuser889@yopmail.com,1,0.0,0.15373335778713226,1.0,,0.02363394529650642,0.1669207891140235,,future_1_donations
charitytestuser895@yopmail.com,1,0.0,0.15373335778713226,1.0,,0.02363394529650642,0.1669207891140235,,future_1_donations
charitytestuser925@yopmail.com,1,0.0,0.15373335778713226,1.0,,0.02363394529650642,0.1669207891140235,,future_1_donations
charitytestuser600@yopmail.com,3,0.6666666666666666,0.7089471817016602,1.0,1.0,0.023928270194722028,0.14043396775169145,1.0,future_1_donations
charitytestuser188@yopmail.com,3,1.0,0.8641039729118347,1.0,,0.024820158389921687,0.15053067009783092,,future_1_donations
charitytestuser197@yopmail.com,3,0.3333333333333333,0.44471538066864014,1.0,1.0,0.028454258534787114,0.17057321023319408,1.0,future_1_donations
charitytestuser86@yopmail.com,3,0.6666666666666666,0.5972679257392883,1.0,1.0,0.02875607513254989,0.1721911103406486,1.0,future_1_donations
charitytestuser729@yopmail.com,2,0.5,0.5854200124740601,1.0,1.0,0.028983181023787385,0.16434746269363226,1.0,future_1_donations
charitytestuser395@yopmail.com,2,0.5,0.4918939173221588,1.0,1.0,0.029853364582941855,0.18950414984033095,1.0,future_1_donations
charitytestuser663@yopmail.com,2,0.5,0.5875484943389893,1.0,1.0,0.029982775167628373,0.16712913581894168,1.0,future_1_donations
charitytestuser85@yopmail.com,1,0.0,0.17350126802921295,1.0,,0.030102690007744792,0.19055689593785874,,future_1_donations
charitytestuser517@yopmail.com,4,0.5,0.5878835320472717,1.0,1.0,0.030993389805450744,0.17082234105686314,1.0,future_1_donations
charitytestuser402@yopmail.com,1,0.0,0.177206888794899,1.0,,0.031402281436367696,0.19505049361915527,,future_1_donations
charitytestuser908@yopmail.com,1,0.0,0.17817486822605133,1.0,,0.031746283667370756,0.19622764162546041,,future_1_donations
charitytestuser915@yopmail.com,1,0.0,0.17817486822605133,1.0,,0.031746283667370756,0.19622764162546041,,future_1_donations
charitytestuser154@yopmail.com,2,1.0,0.8472131490707397,1.0,,0.03252429893922404,0.1722393223101266,,future_1_donations
charitytestuser200@yopmail.com,2,1.0,0.838553249835968,1.0,,0.03366103406754206,0.18150780758646698,,future_1_donations
charitytestuser627@yopmail.com,4,0.5,0.5845592617988586,1.0,1.0,0.03582899711709832,0.17198470077550918,1.0,future_1_donations
charitytestuser234@yopmail.com,1,0.0,0.19504570960998535,1.0,,0.03804282883726273,0.21696978529994493,,future_1_donations
charitytestuser164@yopmail.com,2,0.5,0.6094787120819092,1.0,1.0,0.03820379418980124,0.1852479502546424,1.0,future_1_donations
charitytestuser293@yopmail.com,2,0.5,0.6100369691848755,1.0,1.0,0.038349287861557446,0.18542273820854968,1.0,future_1_donations
charitytestuser760@yopmail.com,2,0.5,0.4373592734336853,1.0,1.0,0.03850533589840402,0.2087164350720095,1.0,future_1_donations
charitytestuser54@yopmail.com,2,0.5,0.5534816980361938,1.0,1.0,0.03889837783886607,0.21270346327006726,1.0,future_1_donations
charitytestuser295@yopmail.com,1,1.0,0.8022138476371765,1.0,,0.03911936206649003,0.22038006371941019,,future_1_donations
charitytestuser309@yopmail.com,3,0.0,0.1907772421836853,1.0,,0.04199430852316525,0.21617207985575868,,future_1_donations
charitytestuser29@yopmail.com,2,0.5,0.5862573385238647,1.0,1.0,0.04214680349895028,0.21180996239879724,1.0,future_1_donations
charitytestuser302@yopmail.com,3,0.6666666666666666,0.74437016248703,1.0,1.0,0.04300675112574629,0.18335371812038004,1.0,future_1_donations
charitytestuser531@yopmail.com,4,0.5,0.5967004299163818,1.0,1.0,0.0430459756127628,0.18962081830498415,1.0,future_1_donations
charitytestuser35@yopmail.com,2,0.5,0.591279149055481,1.0,1.0,0.04311101709117304,0.21273395613680884,1.0,future_1_donations
charitytestuser486@yopmail.com,3,0.3333333333333333,0.4782811105251312,1.0,1.0,0.04319198766001797,0.21457475869964568,1.0,future_1_donations
charitytestuser521@yopmail.com,4,0.5,0.5973864197731018,1.0,1.0,0.04323163473957292,0.1904141662140389,1.0,future_1_donations
charitytestuser19@yopmail.com,3,0.6666666666666666,0.7578611969947815,1.0,1.0,0.043696264953190976,0.175744070495949,1.0,future_1_donations
charitytestuser357@yopmail.com,2,0.5,0.6103750467300415,1.0,1.0,0.04415355696004397,0.20610888608670297,1.0,future_1_donations
charitytestuser264@yopmail.com,2,0.0,0.20744934678077698,1.0,,0.04432183990769423,0.2335240499969783,,future_1_donations
charitytestuser148@yopmail.com,2,0.5,0.6201577186584473,1.0,1.0,0.044561570992492694,0.20131289861740487,1.0,future_1_donations
charitytestuser281@yopmail.com,2,0.5,0.6160234212875366,1.0,1.0,0.04586443719223787,0.2085728475756916,1.0,future_1_donations
charitytestuser751@yopmail.com,3,0.3333333333333333,0.37915346026420593,1.0,1.0,0.04624820952284773,0.2388730761109459,1.0,future_1_donations
charitytestuser388@yopmail.com,2,0.5,0.6156094670295715,1.0,1.0,0.04647040891138232,0.210915787298584,1.0,future_1_donations
charitytestuser338@yopmail.com,2,0.0,0.21664901077747345,1.0,,0.04693679387085781,0.24417442133303868,,future_1_donations
charitytestuser162@yopmail.com,3,0.0,0.21411754190921783,1.0,,0.04701249156165336,0.2419120398705836,,future_1_donations
charitytestuser969@yopmail.com,1,0.0,0.2180594652891159,1.0,,0.047549930402175145,0.24597658389741064,,future_1_donations
charitytestuser978@yopmail.com,1,0.0,0.2180594652891159,1.0,,0.047549930402175145,0.24597658389741064,,future_1_donations
charitytestuser880@yopmail.com,2,0.0,0.21647429466247559,1.0,,0.048004605779075615,0.24488358071560634,,future_1_donations
charitytestuser932@yopmail.com,3,0.0,0.2216041088104248,1.0,,0.05005142325906742,0.251284631926108,,future_1_donations
charitytestuser665@yopmail.com,1,0.0,0.2237475961446762,1.0,,0.050062986780521124,0.25327754898520316,,future_1_donations
charitytestuser139@yopmail.com,2,0.5,0.47454795241355896,1.0,1.0,0.05044356295613461,0.2530445173935093,1.0,future_1_donations
charitytestuser689@yopmail.com,1,0.0,0.22839583456516266,1.0,,0.05216465724671715,0.25928359952703534,,future_1_donations
charitytestuser31@yopmail.com,2,0.5,0.5652604103088379,1.0,1.0,0.053237722520210085,0.2536685299351747,1.0,future_1_donations
charitytestuser671@yopmail.com,1,1.0,0.7682790160179138,1.0,,0.05369461441762624,0.2636023097060371,,future_1_donations
charitytestuser75@yopmail.com,1,0.0,0.23237663507461548,1.0,,0.05399890052860101,0.26445607637830815,,future_1_donations
charitytestuser690@yopmail.com,1,0.0,0.23278464376926422,1.0,,0.054188690374783244,0.2649877396711814,,future_1_donations
charitytestuser584@yopmail.com,1,0.0,0.23377864062786102,1.0,,0.05465245281381059,0.26628417008490884,,future_1_donations
charitytestuser966@yopmail.com,2,0.5,0.4847289025783539,1.0,1.0,0.05467636161583578,0.26589797947952576,1.0,future_1_donations
charitytestuser996@yopmail.com,2,0.5,0.4847289025783539,1.0,1.0,0.05467636161583578,0.26589797947952576,1.0,future_1_donations
charitytestuser547@yopmail.com,3,0.3333333333333333,0.39409103989601135,1.0,1.0,0.05601988043249295,0.26068220137784054,1.0,future_1_donations
charitytestuser9@yopmail.com,9,1.0,0.9051835536956787,0.8888888888888888,,0.05635025217277039,0.1537079169489658,,future_1_donations
charitytestuser522@yopmail.com,2,0.5,0.6345661282539368,1.0,1.0,0.05668485099511722,0.23288696548147747,1.0,future_1_donations
charitytestuser747@yopmail.com,2,0.5,0.4892979860305786,1.0,1.0,0.05671077845192951,0.27177565360922085,1.0,future_1_donations
charitytestuser481@yopmail.com,2,0.5,0.4895019233226776,1.0,1.0,0.05680353655570258,0.27203963576848517,1.0,future_1_donations
charitytestuser794@yopmail.com,2,0.5,0.4941522181034088,1.0,1.0,0.058963645656093466,0.27809677934636456,1.0,future_1_donations
charitytestuser177@yopmail.com,1,0.0,0.24331870675086975,1.0,,0.05920399305491575,0.2788131270764318,,future_1_donations
charitytestuser203@yopmail.com,1,0.0,0.24331870675086975,1.0,,0.05920399305491575,0.2788131270764318,,future_1_donations
charitytestuser227@yopmail.com,1,0.0,0.24331870675086975,1.0,,0.05920399305491575,0.2788131270764318,,future_1_donations
charitytestuser257@yopmail.com,1,0.0,0.24331870675086975,1.0,,0.05920399305491575,0.2788131270764318,,future_1_donations
charitytestuser259@yopmail.com,1,0.0,0.24331870675086975,1.0,,0.05920399305491575,0.2788131270764318,,future_1_donations
charitytestuser277@yopmail.com,1,0.0,0.24331870675086975,1.0,,0.05920399305491575,0.2788131270764318,,future_1_donations
charitytestuser330@yopmail.com,1,0.0,0.24331870675086975,1.0,,0.05920399305491575,0.2788131270764318,,future_1_donations
charitytestuser425@yopmail.com,1,0.0,0.24331870675086975,1.0,,0.05920399305491575,0.2788131270764318,,future_1_donations
charitytestuser496@yopmail.com,1,0.0,0.24331870675086975,1.0,,0.05920399305491575,0.2788131270764318,,future_1_donations
charitytestuser711@yopmail.com,1,0.0,0.24331870675086975,1.0,,0.05920399305491575,0.2788131270764318,,future_1_donations
charitytestuser714@yopmail.com,1,0.0,0.24331870675086975,1.0,,0.05920399305491575,0.2788131270764318,,future_1_donations
charitytestuser763@yopmail.com,1,0.0,0.24331870675086975,1.0,,0.05920399305491575,0.2788131270764318,,future_1_donations
charitytestuser764@yopmail.com,1,0.0,0.24331870675086975,1.0,,0.05920399305491575,0.2788131270764318,,future_1_donations
charitytestuser801@yopmail.com,1,0.0,0.24331870675086975,1.0,,0.05920399305491575,0.2788131270764318,,future_1_donations
charitytestuser804@yopmail.com,1,0.0,0.24331870675086975,1.0,,0.05920399305491575,0.2788131270764318,,future_1_donations
charitytestuser820@yopmail.com,1,0.0,0.24331870675086975,1.0,,0.05920399305491575,0.2788131270764318,,future_1_donations
charitytestuser922@yopmail.com,1,0.0,0.24331870675086975,1.0,,0.05920399305491575,0.2788131270764318,,future_1_donations
charitytestuser319@yopmail.com,3,0.3333333333333333,0.5103833675384521,1.0,1.0,0.06060886121789277,0.2582362335534464,1.0,future_1_donations
charitytestuser254@yopmail.com,3,0.6666666666666666,0.7625619769096375,1.0,1.0,0.06066335275761533,0.224026706761579,1.0,future_1_donations
charitytestuser566@yopmail.com,2,0.5,0.4997798204421997,1.0,1.0,0.061693423169601136,0.2855264542966841,1.0,future_1_donations
charitytestuser170@yopmail.com,1,1.0,0.7513983249664307,1.0,,0.06180279282949641,0.28581937506164085,,future_1_donations
charitytestuser183@yopmail.com,1,1.0,0.7513983249664307,1.0,,0.06180279282949641,0.28581937506164085,,future_1_donations
charitytestuser214@yopmail.com,1,1.0,0.7513983249664307,1.0,,0.06180279282949641,0.28581937506164085,,future_1_donations
charitytestuser279@yopmail.com,1,1.0,0.7513983249664307,1.0,,0.06180279282949641,0.28581937506164085,,future_1_donations
charitytestuser502@yopmail.com,1,1.0,0.7513983249664307,1.0,,0.06180279282949641,0.28581937506164085,,future_1_donations
charitytestuser571@yopmail.com,1,1.0,0.7513983249664307,1.0,,0.06180279282949641,0.28581937506164085,,future_1_donations
charitytestuser684@yopmail.com,1,1.0,0.7513983249664307,1.0,,0.06180279282949641,0.28581937506164085,,future_1_donations
charitytestuser738@yopmail.com,1,1.0,0.7513983249664307,1.0,,0.06180279282949641,0.28581937506164085,,future_1_donations
charitytestuser739@yopmail.com,1,1.0,0.7513983249664307,1.0,,0.06180279282949641,0.28581937506164085,,future_1_donations
charitytestuser750@yopmail.com,1,1.0,0.7513983249664307,1.0,,0.06180279282949641,0.28581937506164085,,future_1_donations
charitytestuser788@yopmail.com,1,1.0,0.7513983249664307,1.0,,0.06180279282949641,0.28581937506164085,,future_1_donations
charitytestuser789@yopmail.com,1,1.0,0.7513983249664307,1.0,,0.06180279282949641,0.28581937506164085,,future_1_donations
charitytestuser80@yopmail.com,1,1.0,0.7513983249664307,1.0,,0.06180279282949641,0.28581937506164085,,future_1_donations
charitytestuser984@yopmail.com,1,1.0,0.7513983249664307,1.0,,0.06180279282949641,0.28581937506164085,,future_1_donations
charitytestuser366@yopmail.com,1,0.0,0.2516012191772461,1.0,,0.06330317349147663,0.2898193136284868,,future_1_donations
charitytestuser215@yopmail.com,2,0.0,0.22608692944049835,1.0,,0.06466034425592193,0.26773303044583285,,future_1_donations
charitytestuser331@yopmail.com,2,1.0,0.781112551689148,1.0,,0.0653842273168781,0.2615635955282756,,future_1_donations
charitytestuser464@yopmail.com,1,0.0,0.25775638222694397,1.0,,0.06643835257872244,0.29807776386219226,,future_1_donations
charitytestuser222@yopmail.com,3,0.3333333333333333,0.5122177600860596,1.0,1.0,0.06927265568547074,0.27791581741307403,1.0,future_1_donations
charitytestuser252@yopmail.com,3,0.3333333333333333,0.5074824690818787,1.0,1.0,0.06937704340841289,0.2656782595002554,1.0,future_1_donations
charitytestuser495@yopmail.com,2,0.0,0.24913957715034485,1.0,,0.07117287046170173,0.2946738048041105,,future_1_donations
charitytestuser22@yopmail.com,4,1.0,0.7776672840118408,1.0,,0.07203999941669004,0.2706321573123115,,future_1_donations
charitytestuser452@yopmail.com,1,0.0,0.26979342103004456,1.0,,0.07278849003109489,0.31442779998202214,,future_1_donations
charitytestuser353@yopmail.com,2,1.0,0.7780295014381409,1.0,,0.07284587778930884,0.27085300158879105,,future_1_donations
charitytestuser352@yopmail.com,3,0.0,0.26850298047065735,1.0,,0.07336235847802985,0.31387689339084524,,future_1_donations
charitytestuser858@yopmail.com,2,0.0,0.25542396306991577,1.0,,0.07558237479169894,0.3043547571989955,,future_1_donations
charitytestuser869@yopmail.com,2,0.0,0.25542396306991577,1.0,,0.07558237479169894,0.3043547571989955,,future_1_donations
charitytestuser439@yopmail.com,2,0.0,0.257903516292572,1.0,,0.07736564024380332,0.3082266229002597,,future_1_donations
charitytestuser418@yopmail.com,1,0.0,0.27925485372543335,1.0,,0.07798327332921318,0.3274696767567598,,future_1_donations
charitytestuser722@yopmail.com,1,0.0,0.2792823314666748,1.0,,0.07799862066946162,0.3275078015574311,,future_1_donations
charitytestuser294@yopmail.com,2,0.0,0.27905336022377014,1.0,,0.07914774331100549,0.3284200733080297,,future_1_donations
charitytestuser38@yopmail.com,1,0.0,0.28528308868408203,1.0,,0.08138644068912981,0.3358687429178908,,future_1_donations
charitytestuser827@yopmail.com,2,0.0,0.28532496094703674,1.0,,0.08317485873102104,0.337657672436695,,future_1_donations
charitytestuser83@yopmail.com,3,0.6666666666666666,0.5427915453910828,1.0,1.0,0.0858849725934175,0.29950668060498065,1.0,future_1_donations
charitytestuser4@yopmail.com,9,0.8888888888888888,0.9187539219856262,0.8888888888888888,0.5,0.08697489203713912,0.24355511817299544,0.875,future_1_donations
charitytestuser414@yopmail.com,3,0.0,0.29481998085975647,1.0,,0.0882484836937305,0.3506094466382981,,future_1_donations
charitytestuser41@yopmail.com,2,0.0,0.29711753129959106,1.0,,0.08859108168188046,0.3528817174941087,,future_1_donations
charitytestuser589@yopmail.com,2,0.5,0.546008825302124,1.0,1.0,0.08891215891372894,0.351136815874305,1.0,future_1_donations
charitytestuser71@yopmail.com,3,0.6666666666666666,0.6498751640319824,1.0,1.0,0.0891617219811008,0.34467270380149034,1.0,future_1_donations
charitytestuser276@yopmail.com,1,0.0,0.3025434911251068,1.0,,0.09153256402216758,0.36031512009817385,,future_1_donations
charitytestuser184@yopmail.com,3,0.6666666666666666,0.5643711686134338,1.0,1.0,0.09391334376623865,0.32457637544082923,1.0,future_1_donations
charitytestuser710@yopmail.com,2,0.0,0.3041801154613495,1.0,,0.09645659001290519,0.366740627782115,,future_1_donations
charitytestuser168@yopmail.com,4,0.25,0.46077412366867065,1.0,1.0,0.09719525935410034,0.36702199719303147,1.0,future_1_donations
charitytestuser346@yopmail.com,3,0.0,0.3080879747867584,1.0,,0.09732680585675801,0.37078333659419993,,future_1_donations
charitytestuser37@yopmail.com,1,0.0,0.31424862146377563,1.0,,0.09875219609188335,0.37724013890581887,,future_1_donations
charitytestuser314@yopmail.com,1,0.0,0.31478801369667053,1.0,,0.09909149356709523,0.37802701953962753,,future_1_donations
charitytestuser356@yopmail.com,1,0.0,0.31478801369667053,1.0,,0.09909149356709523,0.37802701953962753,,future_1_donations
charitytestuser432@yopmail.com,1,0.0,0.31478801369667053,1.0,,0.09909149356709523,0.37802701953962753,,future_1_donations
charitytestuser501@yopmail.com,1,0.0,0.31478801369667053,1.0,,0.09909149356709523,0.37802701953962753,,future_1_donations
charitytestuser561@yopmail.com,1,0.0,0.316243439912796,1.0,,0.10000991328787823,0.3801533310145245,,future_1_donations
charitytestuser611@yopmail.com,1,0.0,0.316243439912796,1.0,,0.10000991328787823,0.3801533310145245,,future_1_donations
charitytestuser612@yopmail.com,1,0.0,0.316243439912796,1.0,,0.10000991328787823,0.3801533310145245,,future_1_donations
charitytestuser672@yopmail.com,1,0.0,0.316243439912796,1.0,,0.10000991328787823,0.3801533310145245,,future_1_donations
charitytestuser508@yopmail.com,1,0.0,0.3181353509426117,1.0,,0.1012101015193787,0.3829241026275083,,future_1_donations
charitytestuser550@yopmail.com,1,0.0,0.3181353509426117,1.0,,0.1012101015193787,0.3829241026275083,,future_1_donations
charitytestuser604@yopmail.com,1,0.0,0.3181353509426117,1.0,,0.1012101015193787,0.3829241026275083,,future_1_donations
charitytestuser369@yopmail.com,1,0.0,0.3182864189147949,1.0,,0.10130624446560432,0.38314567843366576,,future_1_donations
charitytestuser390@yopmail.com,2,0.0,0.3185904622077942,1.0,,0.10149998455589726,0.383591897930351,,future_1_donations
charitytestuser349@yopmail.com,1,0.0,0.3186042308807373,1.0,,0.10150865593510616,0.38361198287454346,,future_1_donations
charitytestuser149@yopmail.com,1,0.0,0.3188715875148773,1.0,,0.10167908932425807,0.3840044260196721,,future_1_donations
charitytestuser246@yopmail.com,1,0.0,0.3188715875148773,1.0,,0.10167908932425807,0.3840044260196721,,future_1_donations
charitytestuser282@yopmail.com,1,0.0,0.3188715875148773,1.0,,0.10167908932425807,0.3840044260196721,,future_1_donations
charitytestuser424@yopmail.com,1,0.0,0.3188715875148773,1.0,,0.10167908932425807,0.3840044260196721,,future_1_donations
charitytestuser485@yopmail.com,1,0.0,0.3188715875148773,1.0,,0.10167908932425807,0.3840044260196721,,future_1_donations
charitytestuser450@yopmail.com,2,0.0,0.31925106048583984,1.0,,0.10194116805540832,0.38458321885945723,,future_1_donations
charitytestuser387@yopmail.com,2,0.0,0.3198546767234802,1.0,,0.10230893818488385,0.38545086086361313,,future_1_donations
charitytestuser472@yopmail.com,2,0.0,0.3202551305294037,1.0,,0.1025701068447491,0.38604505646702186,,future_1_donations
charitytestuser72@yopmail.com,1,0.0,0.3205687999725342,1.0,,0.10276435551583063,0.38649930139652827,,future_1_donations
charitytestuser79@yopmail.com,1,0.0,0.3206351101398468,1.0,,0.10280687385439169,0.3865969027479875,,future_1_donations
charitytestuser360@yopmail.com,5,0.0,0.32085269689559937,1.0,,0.10295022907545129,0.3869213390902626,,future_1_donations
charitytestuser659@yopmail.com,1,0.0,0.320973664522171,1.0,,0.10302409331679119,0.38709536649395276,,future_1_donations
charitytestuser363@yopmail.com,1,0.0,0.32132163643836975,1.0,,0.10324759404343187,0.387607955017899,,future_1_donations
charitytestuser226@yopmail.com,1,0.0,0.32139599323272705,1.0,,0.10329538446605113,0.387717522188382,,future_1_donations
charitytestuser296@yopmail.com,1,0.0,0.32139599323272705,1.0,,0.10329538446605113,0.387717522188382,,future_1_donations
charitytestuser374@yopmail.com,1,0.0,0.32139599323272705,1.0,,0.10329538446605113,0.387717522188382,,future_1_donations
charitytestuser261@yopmail.com,2,0.0,0.3216322660446167,1.0,,0.10345492623927699,0.38807401640559325,,future_1_donations
charitytestuser190@yopmail.com,2,0.0,0.3221253752708435,1.0,,0.10376529901336129,0.3887935282965893,,future_1_donations
charitytestuser169@yopmail.com,1,0.0,0.32285478711128235,1.0,,0.10423521356067145,0.38986953440479666,,future_1_donations
charitytestuser438@yopmail.com,1,0.0,0.32285478711128235,1.0,,0.10423521356067145,0.38986953440479666,,future_1_donations
charitytestuser468@yopmail.com,1,0.0,0.32285478711128235,1.0,,0.10423521356067145,0.38986953440479666,,future_1_donations
charitytestuser61@yopmail.com,1,0.0,0.32285478711128235,1.0,,0.10423521356067145,0.38986953440479666,,future_1_donations
charitytestuser449@yopmail.com,1,0.0,0.32371413707733154,1.0,,0.1047908425437214,0.3911394181792869,,future_1_donations
charitytestuser465@yopmail.com,1,0.0,0.32371413707733154,1.0,,0.1047908425437214,0.3911394181792869,,future_1_donations
charitytestuser175@yopmail.com,1,0.0,0.3243929147720337,1.0,,0.10523076315429591,0.39214360679151444,,future_1_donations
charitytestuser287@yopmail.com,1,0.0,0.3261869251728058,1.0,,0.1063979101536896,0.3948025435865028,,future_1_donations
charitytestuser333@yopmail.com,1,0.0,0.32652047276496887,1.0,,0.10661561913465878,0.3952976811660708,,future_1_donations
charitytestuser244@yopmail.com,1,0.0,0.32733121514320374,1.0,,0.10714572440712633,0.3965022177969582,,future_1_donations
charitytestuser315@yopmail.com,1,0.0,0.32733121514320374,1.0,,0.10714572440712633,0.3965022177969582,,future_1_donations
charitytestuser36@yopmail.com,1,0.0,0.32733121514320374,1.0,,0.10714572440712633,0.3965022177969582,,future_1_donations
charitytestuser421@yopmail.com,1,0.0,0.32733121514320374,1.0,,0.10714572440712633,0.3965022177969582,,future_1_donations
charitytestuser436@yopmail.com,1,0.0,0.32733121514320374,1.0,,0.10714572440712633,0.3965022177969582,,future_1_donations
charitytestuser564@yopmail.com,1,0.0,0.32733121514320374,1.0,,0.10714572440712633,0.3965022177969582,,future_1_donations
charitytestuser590@yopmail.com,1,0.0,0.32733121514320374,1.0,,0.10714572440712633,0.3965022177969582,,future_1_donations
charitytestuser606@yopmail.com,1,0.0,0.32733121514320374,1.0,,0.10714572440712633,0.3965022177969582,,future_1_donations
charitytestuser81@yopmail.com,1,0.0,0.32733121514320374,1.0,,0.10714572440712633,0.3965022177969582,,future_1_donations
charitytestuser825@yopmail.com,1,0.0,0.32733121514320374,1.0,,0.10714572440712633,0.3965022177969582,,future_1_donations
charitytestuser698@yopmail.com,1,1.0,0.6726441383361816,1.0,,0.10716186016566098,0.3965388583735742,,future_1_donations
charitytestuser507@yopmail.com,2,1.0,0.7373953461647034,1.0,,0.10780671781482809,0.3416911235979043,,future_1_donations
charitytestuser34@yopmail.com,2,0.0,0.3283385634422302,1.0,,0.10789637568941979,0.3981008095797952,,future_1_donations
charitytestuser437@yopmail.com,1,0.0,0.32873019576072693,1.0,,0.10806354160488585,0.3985841300720884,,future_1_donations
charitytestuser165@yopmail.com,6,0.5,0.5308837294578552,1.0,1.0,0.1083314204470911,0.3763317863843903,1.0,future_1_donations
charitytestuser644@yopmail.com,1,0.0,0.32918596267700195,1.0,,0.10836339802358452,0.3992633230102361,,future_1_donations
charitytestuser193@yopmail.com,3,0.0,0.33059781789779663,1.0,,0.10939259078062147,0.40147998723016953,,future_1_donations
charitytestuser49@yopmail.com,3,0.0,0.3308373689651489,1.0,,0.10955479796280503,0.4018419803463811,,future_1_donations
charitytestuser65@yopmail.com,3,0.0,0.33157727122306824,1.0,,0.1100309111982316,0.40293285756531744,,future_1_donations
charitytestuser218@yopmail.com,2,0.0,0.3317086696624756,1.0,,0.11019544247557755,0.40321562325693483,,future_1_donations
charitytestuser57@yopmail.com,1,0.0,0.3321247100830078,1.0,,0.11030682304772199,0.40365381461559335,,future_1_donations
charitytestuser94@yopmail.com,2,0.0,0.3321780562400818,1.0,,0.11034818319719131,0.403740320451231,,future_1_donations
charitytestuser380@yopmail.com,1,0.0,0.3370983302593231,1.0,,0.11363528426362368,0.41112861089548813,,future_1_donations
charitytestuser372@yopmail.com,1,0.0,0.33846890926361084,1.0,,0.11456120253809843,0.41319829617425563,,future_1_donations
charitytestuser95@yopmail.com,3,0.6666666666666666,0.7359623312950134,0.6666666666666666,0.5,0.11506668002537523,0.36981938101466333,1.0,future_1_donations
charitytestuser258@yopmail.com,2,1.0,0.7248228788375854,1.0,,0.11542152650652504,0.36111382000097086,,future_1_donations
charitytestuser551@yopmail.com,2,0.0,0.34010452032089233,1.0,,0.11615371835523947,0.41622827965700215,,future_1_donations
charitytestuser398@yopmail.com,2,0.5,0.6863666772842407,1.0,1.0,0.11698043475475117,0.3733399354288269,1.0,future_1_donations
charitytestuser5@yopmail.com,8,0.875,0.9713661670684814,0.875,0.5,0.11747464006557351,0.447698734589498,0.7142857142857143,future_1_donations
charitytestuser221@yopmail.com,1,0.0,0.34454578161239624,1.0,,0.11871179562689704,0.4224268204941975,,future_1_donations
charitytestuser337@yopmail.com,2,0.0,0.34454578161239624,1.0,,0.11871179562689704,0.4224268204941975,,future_1_donations
charitytestuser385@yopmail.com,1,0.0,0.34454578161239624,1.0,,0.11871179562689704,0.4224268204941975,,future_1_donations
charitytestuser479@yopmail.com,1,0.0,0.34454578161239624,1.0,,0.11871179562689704,0.4224268204941975,,future_1_donations
charitytestuser498@yopmail.com,1,0.0,0.34454578161239624,1.0,,0.11871179562689704,0.4224268204941975,,future_1_donations
charitytestuser613@yopmail.com,2,0.0,0.34454578161239624,1.0,,0.11871179562689704,0.4224268204941975,,future_1_donations
charitytestuser634@yopmail.com,1,0.0,0.34454578161239624,1.0,,0.11871179562689704,0.4224268204941975,,future_1_donations
charitytestuser241@yopmail.com,3,0.0,0.35038840770721436,1.0,,0.12284030881496477,0.43146203255829696,,future_1_donations
charitytestuser206@yopmail.com,4,0.5,0.5360296368598938,1.0,1.0,0.1237731365642381,0.39636580452994175,1.0,future_1_donations
charitytestuser317@yopmail.com,4,0.5,0.42863449454307556,0.75,0.75,0.12403156721987624,0.38119425143541347,1.0,future_1_donations
charitytestuser451@yopmail.com,2,0.0,0.3537319302558899,1.0,,0.12521065299365697,0.43664190042002576,,future_1_donations
charitytestuser13@yopmail.com,1,0.0,0.35608476400375366,1.0,,0.12679635915560894,0.4401881826644448,,future_1_donations
charitytestuser730@yopmail.com,1,0.0,0.3571145534515381,1.0,,0.12753080428689145,0.4417887252839675,,future_1_donations
charitytestuser737@yopmail.com,1,0.0,0.3571145534515381,1.0,,0.12753080428689145,0.4417887252839675,,future_1_donations
charitytestuser758@yopmail.com,1,0.0,0.3571145534515381,1.0,,0.12753080428689145,0.4417887252839675,,future_1_donations
charitytestuser781@yopmail.com,1,0.0,0.3571145534515381,1.0,,0.12753080428689145,0.4417887252839675,,future_1_donations
charitytestuser785@yopmail.com,1,0.0,0.3571145534515381,1.0,,0.12753080428689145,0.4417887252839675,,future_1_donations
charitytestuser849@yopmail.com,1,0.0,0.3571145534515381,1.0,,0.12753080428689145,0.4417887252839675,,future_1_donations
charitytestuser853@yopmail.com,1,0.0,0.3571145534515381,1.0,,0.12753080428689145,0.4417887252839675,,future_1_donations
charitytestuser879@yopmail.com,1,0.0,0.3571145534515381,1.0,,0.12753080428689145,0.4417887252839675,,future_1_donations
charitytestuser886@yopmail.com,1,0.0,0.3571145534515381,1.0,,0.12753080428689145,0.4417887252839675,,future_1_donations
charitytestuser899@yopmail.com,1,0.0,0.3571145534515381,1.0,,0.12753080428689145,0.4417887252839675,,future_1_donations
charitytestuser420@yopmail.com,3,0.0,0.3555881083011627,1.0,,0.12758335446164004,0.44082542792969254,,future_1_donations
charitytestuser45@yopmail.com,2,0.5,0.5380681753158569,1.0,1.0,0.130339939523191,0.4465137193509192,1.0,future_1_donations
charitytestuser171@yopmail.com,1,0.0,0.3620736598968506,1.0,,0.13109733519110023,0.44953245668649594,,future_1_donations
charitytestuser179@yopmail.com,1,0.0,0.3620736598968506,1.0,,0.13109733519110023,0.44953245668649594,,future_1_donations
charitytestuser17@yopmail.com,1,0.0,0.3620736598968506,1.0,,0.13109733519110023,0.44953245668649594,,future_1_donations
charitytestuser223@yopmail.com,1,0.0,0.3620736598968506,1.0,,0.13109733519110023,0.44953245668649594,,future_1_donations
charitytestuser290@yopmail.com,1,0.0,0.3620736598968506,1.0,,0.13109733519110023,0.44953245668649594,,future_1_donations
charitytestuser361@yopmail.com,1,0.0,0.3620736598968506,1.0,,0.13109733519110023,0.44953245668649594,,future_1_donations
charitytestuser592@yopmail.com,1,0.0,0.3620736598968506,1.0,,0.13109733519110023,0.44953245668649594,,future_1_donations
charitytestuser610@yopmail.com,1,0.0,0.3620736598968506,1.0,,0.13109733519110023,0.44953245668649594,,future_1_donations
charitytestuser650@yopmail.com,1,0.0,0.3620736598968506,1.0,,0.13109733519110023,0.44953245668649594,,future_1_donations
charitytestuser313@yopmail.com,3,0.6666666666666666,0.6266568303108215,1.0,1.0,0.13547147948839142,0.41977399685969347,1.0,future_1_donations
charitytestuser381@yopmail.com,1,0.0,0.3758088946342468,1.0,,0.14123232528621443,0.4712986989013378,,future_1_donations
charitytestuser186@yopmail.com,1,0.0,0.38095906376838684,1.0,,0.14512980826728583,0.4795838756383195,,future_1_donations
charitytestuser192@yopmail.com,3,0.3333333333333333,0.2121981382369995,0.6666666666666666,0.5,0.14829405057792058,0.43712037789838337,1.0,future_1_donations
charitytestuser618@yopmail.com,3,0.3333333333333333,0.22058840095996857,0.6666666666666666,0.5,0.15103350075403413,0.44714761929979535,1.0,future_1_donations
charitytestuser245@yopmail.com,5,0.4,0.36220505833625793,0.8,0.75,0.15465983060705057,0.4757446273752774,0.8333333333333334,future_1_donations
charitytestuser568@yopmail.com,4,0.25,0.2886337339878082,0.75,0.5,0.15602814967503137,0.4858899776574707,1.0,future_1_donations
charitytestuser172@yopmail.com,4,0.75,0.6024321913719177,0.75,0.8333333333333333,0.15707301933892137,0.446766865329167,0.6666666666666666,future_1_donations
charitytestuser965@yopmail.com,1,1.0,0.5960267186164856,1.0,,0.1631944120717641,0.5174697830281847,,future_1_donations
charitytestuser99@yopmail.com,3,0.6666666666666666,0.541455090045929,0.6666666666666666,0.75,0.17943905130585,0.5080324325637929,1.0,future_1_donations
charitytestuser15@yopmail.com,1,1.0,0.5745428800582886,1.0,,0.18101376090909582,0.5541805455608504,,future_1_donations
charitytestuser249@yopmail.com,3,0.6666666666666666,0.6986342072486877,0.6666666666666666,0.5,0.18646789562036403,0.5534015920502432,1.0,future_1_donations
charitytestuser857@yopmail.com,2,0.5,0.7746176719665527,0.5,0.5,0.18862115246715838,0.5041089976194447,1.0,future_1_donations
charitytestuser444@yopmail.com,1,0.0,0.4343244135379791,1.0,,0.1886376961951095,0.5697345338979973,,future_1_donations
charitytestuser298@yopmail.com,1,0.0,0.4380379319190979,1.0,,0.19187722979996025,0.5763209258842712,,future_1_donations
charitytestuser151@yopmail.com,3,0.6666666666666666,0.5766322612762451,0.6666666666666666,0.75,0.1957447851743508,0.5392119497255157,0.5,future_1_donations
charitytestuser407@yopmail.com,1,0.0,0.4452267587184906,1.0,,0.19822686667897305,0.589195822992461,,future_1_donations
charitytestuser306@yopmail.com,1,0.0,0.4462134838104248,1.0,,0.19910647313423624,0.5909760163394937,,future_1_donations
charitytestuser365@yopmail.com,2,1.0,0.6461204886436462,0.5,,0.20591330947892317,0.5441492026610206,,future_1_donations
charitytestuser448@yopmail.com,1,1.0,0.5430862307548523,1.0,,0.20877019252580808,0.6104871673195309,,future_1_donations
charitytestuser461@yopmail.com,3,0.3333333333333333,0.33679628372192383,0.6666666666666666,0.5,0.21059003376018004,0.6052268014622418,0.5,future_1_donations
charitytestuser535@yopmail.com,2,0.5,0.24312978982925415,0.5,0.5,0.21118607718170967,0.5742545191028322,1.0,future_1_donations
charitytestuser447@yopmail.com,2,0.5,0.24344120919704437,0.5,0.5,0.21126362172740823,0.5746102353894758,1.0,future_1_donations
charitytestuser394@yopmail.com,2,0.5,0.24620702862739563,0.5,0.5,0.2119693153481893,0.5777804977851672,1.0,future_1_donations
charitytestuser545@yopmail.com,2,0.5,0.24657471477985382,0.5,0.5,0.2120654363950547,0.5782034783913834,1.0,future_1_donations
charitytestuser459@yopmail.com,2,0.5,0.25338876247406006,0.5,0.5,0.21394461197908754,0.5861075604127342,1.0,future_1_donations
charitytestuser389@yopmail.com,3,0.3333333333333333,0.3302757441997528,0.6666666666666666,0.5,0.21473874540001373,0.6045986260128262,0.5,future_1_donations
charitytestuser476@yopmail.com,1,0.0,0.4639039933681488,1.0,,0.21520691506291545,0.6234420171003742,,future_1_donations
charitytestuser144@yopmail.com,2,0.5,0.257903516292572,0.5,0.5,0.21529198034695274,0.5914141982958366,1.0,future_1_donations
charitytestuser77@yopmail.com,4,0.5,0.6907098293304443,0.5,0.5,0.21538915547463056,0.6079573058893177,1.0,future_1_donations
charitytestuser250@yopmail.com,3,0.6666666666666666,0.340469092130661,0.6666666666666666,0.75,0.21597509441408538,0.5992467474595594,1.0,future_1_donations
charitytestuser324@yopmail.com,3,1.0,0.6179366111755371,0.6666666666666666,,0.21636268033088038,0.5972222679097311,,future_1_donations
charitytestuser681@yopmail.com,1,0.0,0.4686696231365204,1.0,,0.21965121565092804,0.6323712725624685,,future_1_donations
charitytestuser377@yopmail.com,2,0.5,0.27603399753570557,0.5,0.5,0.22152393422904748,0.6133108318012355,1.0,future_1_donations
charitytestuser343@yopmail.com,3,0.3333333333333333,0.32117173075675964,0.6666666666666666,0.5,0.2222468719916062,0.6365368432331149,0.5,future_1_donations
charitytestuser466@yopmail.com,1,0.0,0.48902490735054016,1.0,,0.2391453600092044,0.6714344323353436,,future_1_donations
charitytestuser238@yopmail.com,2,0.5,0.39179491996765137,0.5,0.5,0.23929157690660618,0.6701613211436244,1.0,future_1_donations
charitytestuser248@yopmail.com,1,0.0,0.48993659019470215,1.0,,0.2400378624116115,0.673220228040902,,future_1_donations
charitytestuser263@yopmail.com,3,0.0,0.4365016520023346,0.6666666666666666,,0.24096497646145623,0.6829145028926521,,future_1_donations
charitytestuser268@yopmail.com,2,0.5,0.2561396360397339,0.5,0.5,0.24183789218592822,0.6568825061152426,1.0,future_1_donations
charitytestuser370@yopmail.com,2,0.5,0.237704798579216,0.5,0.5,0.24213360623553948,0.6512228844804,1.0,future_1_donations
charitytestuser624@yopmail.com,3,0.3333333333333333,0.25501707196235657,0.6666666666666666,0.5,0.24599250837572728,0.6805394701980655,0.5,future_1_donations
charitytestuser603@yopmail.com,3,1.0,0.6729879975318909,0.6666666666666666,,0.24618066676869196,0.6865428501055336,,future_1_donations
charitytestuser62@yopmail.com,2,1.0,0.6135825514793396,0.5,,0.24874758298043398,0.6417706970308201,,future_1_donations
charitytestuser426@yopmail.com,2,0.5,0.3316846489906311,0.5,0.5,0.2488645384630459,0.6872175890094623,1.0,future_1_donations
charitytestuser332@yopmail.com,2,0.5,0.3340166211128235,0.5,0.5,0.25028063158979963,0.6905663229945757,1.0,future_1_donations
charitytestuser138@yopmail.com,5,0.8,0.5035282373428345,0.6,0.75,0.2504012981926952,0.7125967470771124,0.75,future_1_donations
charitytestuser371@yopmail.com,2,0.0,0.4687730073928833,0.5,,0.2522042840189642,0.6936555029102555,,future_1_donations
charitytestuser39@yopmail.com,3,0.6666666666666666,0.5237386226654053,0.6666666666666666,0.75,0.2526457288162014,0.6868021983503709,0.5,future_1_donations
charitytestuser97@yopmail.com,2,1.0,0.5411507487297058,0.5,,0.2547466587640881,0.6958743808155728,,future_1_donations
charitytestuser32@yopmail.com,3,0.6666666666666666,0.5377414226531982,0.6666666666666666,0.75,0.2561929181115555,0.6862796246626947,0.5,future_1_donations
charitytestuser441@yopmail.com,3,0.0,0.4659890830516815,0.6666666666666666,,0.2578751662889169,0.7243041048819935,,future_1_donations
charitytestuser26@yopmail.com,4,0.75,0.4657086431980133,0.5,0.6666666666666666,0.25792321100216503,0.7060964075916393,0.6666666666666666,future_1_donations
charitytestuser362@yopmail.com,3,0.3333333333333333,0.4080444872379303,0.6666666666666666,0.5,0.25989381205937345,0.715184123128159,0.0,future_1_donations
charitytestuser235@yopmail.com,2,1.0,0.6043481230735779,0.5,,0.26947521886789483,0.6885645475317701,,future_1_donations
charitytestuser368@yopmail.com,2,0.5,0.3678578734397888,0.5,0.5,0.2732792234165058,0.7418704901452687,0.0,future_1_donations
charitytestuser43@yopmail.com,2,0.5,0.22780416905879974,0.5,0.5,0.27468630384318127,0.7332170022825014,1.0,future_1_donations
charitytestuser3@yopmail.com,7,0.7142857142857143,0.8072836995124817,0.5714285714285714,0.4,0.2762614814746222,0.7907949785126446,0.7,future_1_donations
charitytestuser327@yopmail.com,2,0.5,0.3720160722732544,0.5,0.5,0.27642116107988146,0.7485536512683248,0.0,future_1_donations
charitytestuser2@yopmail.com,2,0.5,0.21153973042964935,0.5,0.5,0.27749788463223846,0.735891886435964,1.0,future_1_donations
charitytestuser519@yopmail.com,2,1.0,0.5971212387084961,0.5,,0.27861616958878166,0.7130398798675204,,future_1_donations
charitytestuser291@yopmail.com,2,0.5,0.2643934488296509,0.5,0.5,0.27881138727063093,0.7509740221276053,1.0,future_1_donations
charitytestuser270@yopmail.com,2,0.5,0.3180919885635376,0.5,0.5,0.27979744578384613,0.7565541559511932,1.0,future_1_donations
charitytestuser653@yopmail.com,2,1.0,0.595786452293396,0.5,,0.2806057538856681,0.7182797267092464,,future_1_donations
charitytestuser82@yopmail.com,2,0.5,0.8627615571022034,0.5,0.5,0.28157628820112635,0.7056246085574007,1.0,future_1_donations
charitytestuser182@yopmail.com,2,0.5,0.33524858951568604,0.5,0.5,0.2820025474544523,0.7615286761897768,0.0,future_1_donations
charitytestuser216@yopmail.com,1,0.0,0.5313658118247986,0.0,,0.28234962597622726,0.7579327974493945,,future_1_donations
charitytestuser580@yopmail.com,5,0.4,0.273510217666626,0.6,0.5,0.2842558537347206,0.7912020796930512,0.33333333333333337,future_1_donations
charitytestuser1@yopmail.com,1,0.0,0.5360493063926697,0.0,,0.28734885888406225,0.7679769961795824,,future_1_donations
charitytestuser469@yopmail.com,3,0.6666666666666666,0.33831048011779785,0.3333333333333333,0.5,0.29241186670080843,0.7759265860142665,1.0,future_1_donations
charitytestuser345@yopmail.com,2,0.0,0.44858306646347046,0.5,,0.2929238504720947,0.7747278070100347,,future_1_donations
charitytestuser619@yopmail.com,2,0.5,0.39299899339675903,0.5,0.5,0.29364311325622916,0.784373152814518,0.0,future_1_donations
charitytestuser354@yopmail.com,3,0.3333333333333333,0.3177635669708252,0.3333333333333333,0.25,0.2963590670693656,0.7824924006518965,0.5,future_1_donations
charitytestuser251@yopmail.com,2,1.0,0.5866305828094482,0.5,,0.29789341741375,0.7636610659722354,,future_1_donations
charitytestuser76@yopmail.com,2,1.0,0.4468778073787689,0.5,,0.3131359034002532,0.823808702549256,,future_1_donations
charitytestuser185@yopmail.com,2,0.5,0.5931607484817505,0.5,0.5,0.31344160936338383,0.8251886751067836,0.0,future_1_donations
charitytestuser253@yopmail.com,2,1.0,0.4453456699848175,0.5,,0.31457565346868144,0.8266987189352658,,future_1_donations
charitytestuser289@yopmail.com,2,1.0,0.4441067576408386,0.5,,0.315746726026056,0.8290479121505692,,future_1_donations
charitytestuser58@yopmail.com,2,1.0,0.4400939345359802,0.5,,0.3195819653981644,0.836733593734822,,future_1_donations
charitytestuser237@yopmail.com,3,0.3333333333333333,0.7315948605537415,0.6666666666666666,0.75,0.32171476631894674,0.9796972440619792,1.0,future_1_donations
charitytestuser199@yopmail.com,2,0.0,0.5330931544303894,0.5,,0.3318454681647265,0.8849651908007622,,future_1_donations
charitytestuser523@yopmail.com,2,0.0,0.5347668528556824,0.5,,0.3329047721408682,0.8874137323447026,,future_1_donations
charitytestuser18@yopmail.com,2,0.5,0.39108240604400635,0.5,0.5,0.3347456555026107,0.872730900370075,0.0,future_1_donations
charitytestuser548@yopmail.com,2,0.0,0.539364755153656,0.5,,0.33587258358474203,0.8942027899294275,,future_1_donations
charitytestuser152@yopmail.com,2,1.0,0.42395564913749695,0.5,,0.34258851428364245,0.88899641592434,,future_1_donations
charitytestuser187@yopmail.com,2,1.0,0.5517871975898743,0.5,,0.3431135702416648,0.909307658884456,,future_1_donations
charitytestuser591@yopmail.com,3,0.3333333333333333,0.45210132002830505,0.3333333333333333,0.25,0.3435056111955847,0.8953270259986802,0.5,future_1_donations
charitytestuser56@yopmail.com,3,0.6666666666666666,0.3757965564727783,0.3333333333333333,0.5,0.3466763859625095,0.8946220549095744,0.0,future_1_donations
charitytestuser25@yopmail.com,4,0.5,0.629637598991394,0.5,0.5,0.34714490174985646,1.049298934351782,0.5,future_1_donations
charitytestuser320@yopmail.com,2,1.0,0.529829204082489,0.5,,0.34811621213802824,0.9364955606188126,,future_1_donations
charitytestuser69@yopmail.com,2,1.0,0.4682270586490631,0.5,,0.3629684393644236,0.9864586873914106,,future_1_donations
charitytestuser213@yopmail.com,4,0.75,0.48176637291908264,0.25,0.16666666666666666,0.3667585215752405,0.940279848816794,0.3333333333333333,future_1_donations
charitytestuser141@yopmail.com,4,0.75,0.5972565412521362,0.5,0.3333333333333333,0.36686071043969815,0.9649221646131191,0.3333333333333333,future_1_donations
charitytestuser467@yopmail.com,3,0.3333333333333333,0.4501425325870514,0.3333333333333333,0.25,0.3716360120646535,0.9607238024276947,0.5,future_1_donations
charitytestuser382@yopmail.com,2,0.5,0.2534354329109192,0.5,0.5,0.4009135437572646,1.0904929390307894,0.0,future_1_donations
charitytestuser475@yopmail.com,2,1.0,0.3674730658531189,0.0,,0.40439090774246456,1.0172881299206993,,future_1_donations
charitytestuser161@yopmail.com,1,1.0,0.3620736598968506,0.0,,0.40695001539739906,1.0159076074776499,,future_1_donations
charitytestuser204@yopmail.com,1,1.0,0.3620736598968506,0.0,,0.40695001539739906,1.0159076074776499,,future_1_donations
charitytestuser271@yopmail.com,1,1.0,0.3620736598968506,0.0,,0.40695001539739906,1.0159076074776499,,future_1_donations
charitytestuser303@yopmail.com,1,1.0,0.3620736598968506,0.0,,0.40695001539739906,1.0159076074776499,,future_1_donations
charitytestuser321@yopmail.com,1,1.0,0.3620736598968506,0.0,,0.40695001539739906,1.0159076074776499,,future_1_donations
charitytestuser322@yopmail.com,1,1.0,0.3620736598968506,0.0,,0.40695001539739906,1.0159076074776499,,future_1_donations
charitytestuser378@yopmail.com,1,1.0,0.3620736598968506,0.0,,0.40695001539739906,1.0159076074776499,,future_1_donations
charitytestuser379@yopmail.com,1,1.0,0.3620736598968506,0.0,,0.40695001539739906,1.0159076074776499,,future_1_donations
charitytestuser415@yopmail.com,1,1.0,0.3620736598968506,0.0,,0.40695001539739906,1.0159076074776499,,future_1_donations
charitytestuser443@yopmail.com,1,1.0,0.3620736598968506,0.0,,0.40695001539739906,1.0159076074776499,,future_1_donations
charitytestuser446@yopmail.com,1,1.0,0.3620736598968506,0.0,,0.40695001539739906,1.0159076074776499,,future_1_donations
charitytestuser455@yopmail.com,1,1.0,0.3620736598968506,0.0,,0.40695001539739906,1.0159076074776499,,future_1_donations
charitytestuser460@yopmail.com,1,1.0,0.3620736598968506,0.0,,0.40695001539739906,1.0159076074776499,,future_1_donations
charitytestuser520@yopmail.com,1,1.0,0.3620736598968506,0.0,,0.40695001539739906,1.0159076074776499,,future_1_donations
charitytestuser559@yopmail.com,1,1.0,0.3620736598968506,0.0,,0.40695001539739906,1.0159076074776499,,future_1_donations
charitytestuser583@yopmail.com,1,1.0,0.3620736598968506,0.0,,0.40695001539739906,1.0159076074776499,,future_1_donations
charitytestuser585@yopmail.com,1,1.0,0.3620736598968506,0.0,,0.40695001539739906,1.0159076074776499,,future_1_donations
charitytestuser605@yopmail.com,1,1.0,0.3620736598968506,0.0,,0.40695001539739906,1.0159076074776499,,future_1_donations
charitytestuser658@yopmail.com,1,1.0,0.3620736598968506,0.0,,0.40695001539739906,1.0159076074776499,,future_1_donations
charitytestuser670@yopmail.com,1,1.0,0.3620736598968506,0.0,,0.40695001539739906,1.0159076074776499,,future_1_donations
charitytestuser51@yopmail.com,3,0.6666666666666666,0.6007348895072937,0.3333333333333333,0.25,0.4075784029538753,1.0526460645696674,0.0,future_1_donations
charitytestuser140@yopmail.com,2,0.5,0.8915999531745911,0.5,0.5,0.41036842761956294,1.2054822160428638,0.0,future_1_donations
charitytestuser173@yopmail.com,2,1.0,0.3585149347782135,0.0,,0.42008614984789805,1.060340572052533,,future_1_donations
charitytestuser55@yopmail.com,2,1.0,0.35375696420669556,0.0,,0.4202707898042246,1.0498087779477343,,future_1_donations
charitytestuser358@yopmail.com,1,1.0,0.350382536649704,0.0,,0.4220028486896732,1.0487297594903418,,future_1_donations
charitytestuser142@yopmail.com,1,1.0,0.3465854227542877,0.0,,0.4269506097571929,1.059625960420379,,future_1_donations
charitytestuser60@yopmail.com,1,1.0,0.34454578161239624,0.0,,0.42962023240210456,1.0655283044336792,,future_1_donations
charitytestuser63@yopmail.com,2,0.5,0.9359884262084961,0.5,0.5,0.435687942870576,1.3717007391958953,1.0,future_1_donations
charitytestuser78@yopmail.com,4,0.75,0.44586360454559326,0.25,0.16666666666666666,0.4372139969847191,1.15407715825918,0.3333333333333333,future_1_donations
charitytestuser275@yopmail.com,4,0.25,0.7349741458892822,0.5,0.6666666666666666,0.4391261117316026,1.3879323181074517,1.0,future_1_donations
charitytestuser225@yopmail.com,1,1.0,0.33060750365257263,0.0,,0.44808631416624056,1.1068233967790655,,future_1_donations
charitytestuser288@yopmail.com,1,1.0,0.330219030380249,0.0,,0.4486065472647738,1.1079991162669083,,future_1_donations
charitytestuser211@yopmail.com,1,1.0,0.3299318850040436,0.0,,0.4489912787342343,1.1088690549055527,,future_1_donations
charitytestuser166@yopmail.com,1,1.0,0.32872188091278076,0.0,,0.4506143131652749,1.1125432324935014,,future_1_donations
charitytestuser328@yopmail.com,2,0.5,0.9416117668151855,0.5,0.5,0.451526434719165,1.5125071848513483,0.0,future_1_donations
charitytestuser919@yopmail.com,2,0.0,0.5459448099136353,0.5,,0.45188560058966953,1.475032971412889,,future_1_donations
charitytestuser30@yopmail.com,1,1.0,0.32733121514320374,0.0,,0.45248329412071886,1.1167827303659938,,future_1_donations
charitytestuser334@yopmail.com,3,0.3333333333333333,0.5117269158363342,0.3333333333333333,0.25,0.45462509335457746,1.2590400936982602,0.5,future_1_donations
charitytestuser484@yopmail.com,2,0.5,0.30220091342926025,0.5,0.5,0.45589087568936704,1.223846020304737,0.0,future_1_donations
charitytestuser726@yopmail.com,1,1.0,0.323331743478775,0.0,,0.4578799293834743,1.1290764132408606,,future_1_donations
charitytestuser16@yopmail.com,1,1.0,0.3194166421890259,0.0,,0.46319370692926043,1.141258940021907,,future_1_donations
charitytestuser220@yopmail.com,1,0.0,0.6809641718864441,0.0,,0.4637122033929906,1.1424518686684206,,future_1_donations
charitytestuser503@yopmail.com,1,1.0,0.31478801369667053,0.0,,0.46951546617375417,1.1558558390955918,,future_1_donations
charitytestuser815@yopmail.com,2,0.0,0.590737521648407,0.5,,0.4696706244688742,1.530979140394093,,future_1_donations
charitytestuser933@yopmail.com,2,0.0,0.590737521648407,0.5,,0.4696706244688742,1.530979140394093,,future_1_donations
charitytestuser541@yopmail.com,2,0.5,0.8447773456573486,0.5,0.5,0.47097002435616453,1.5344822643866975,0.0,future_1_donations
charitytestuser383@yopmail.com,3,0.6666666666666666,0.29477381706237793,0.3333333333333333,0.5,0.48272607386029676,1.2562824345835333,0.0,future_1_donations
charitytestuser687@yopmail.com,1,1.0,0.3020952641963959,0.0,,0.4870710202570985,1.197012866990452,,future_1_donations
charitytestuser563@yopmail.com,2,0.0,0.6264721751213074,0.5,,0.48961437472496394,1.580586086625691,,future_1_donations
charitytestuser669@yopmail.com,2,0.0,0.641351044178009,0.5,,0.49942452575486485,1.602785987102976,,future_1_donations
charitytestuser697@yopmail.com,2,0.0,0.641351044178009,0.5,,0.49942452575486485,1.602785987102976,,future_1_donations
charitytestuser831@yopmail.com,3,0.6666666666666666,0.5439160466194153,0.3333333333333333,0.25,0.5031320958156301,1.3123640762449913,0.0,future_1_donations
charitytestuser765@yopmail.com,2,0.0,0.6476354598999023,0.5,,0.503834030084862,1.6124669394978608,,future_1_donations
charitytestuser841@yopmail.com,2,0.0,0.6476354598999023,0.5,,0.503834030084862,1.6124669394978608,,future_1_donations
charitytestuser278@yopmail.com,2,0.0,0.6437869071960449,0.5,,0.504006833117618,1.64381137788457,,future_1_donations
charitytestuser685@yopmail.com,1,1.0,0.2868286073207855,0.0,,0.5086134353360103,1.248870428645308,,future_1_donations
charitytestuser409@yopmail.com,1,1.0,0.28637295961380005,0.0,,0.5092635527703671,1.250460263109285,,future_1_donations
charitytestuser648@yopmail.com,2,0.5,0.572439432144165,0.0,0.0,0.5098670017098925,1.2714341299869103,0.0,future_1_donations
charitytestuser27@yopmail.com,3,0.6666666666666666,0.6252383589744568,0.3333333333333333,0.25,0.5203222020392466,1.5006643320086728,0.0,future_1_donations
charitytestuser454@yopmail.com,1,1.0,0.2666586637496948,0.0,,0.5377895154533832,1.321785851371301,,future_1_donations
charitytestuser608@yopmail.com,1,1.0,0.2643110156059265,0.0,,0.5412382817587833,1.330628779822229,,future_1_donations
charitytestuser412@yopmail.com,2,1.0,0.25534719228744507,0.0,,0.5548908685408436,1.3680774095492918,,future_1_donations
charitytestuser401@yopmail.com,1,1.0,0.2493312954902649,0.0,,0.563503503930324,1.388972762876557,,future_1_donations
charitytestuser384@yopmail.com,2,0.5,0.5465328097343445,0.0,0.0,0.5640099614861107,1.402114835638174,0.0,future_1_donations
charitytestuser143@yopmail.com,1,0.0,0.7513983249664307,0.0,,0.5645994427623577,1.3919033620618968,,future_1_donations
charitytestuser167@yopmail.com,1,0.0,0.7513983249664307,0.0,,0.5645994427623577,1.3919033620618968,,future_1_donations
charitytestuser247@yopmail.com,1,0.0,0.7513983249664307,0.0,,0.5645994427623577,1.3919033620618968,,future_1_donations
charitytestuser505@yopmail.com,1,0.0,0.7513983249664307,0.0,,0.5645994427623577,1.3919033620618968,,future_1_donations
charitytestuser552@yopmail.com,1,0.0,0.7513983249664307,0.0,,0.5645994427623577,1.3919033620618968,,future_1_donations
charitytestuser578@yopmail.com,1,0.0,0.7513983249664307,0.0,,0.5645994427623577,1.3919033620618968,,future_1_donations
charitytestuser636@yopmail.com,1,0.0,0.7513983249664307,0.0,,0.5645994427623577,1.3919033620618968,,future_1_donations
charitytestuser637@yopmail.com,1,0.0,0.7513983249664307,0.0,,0.5645994427623577,1.3919033620618968,,future_1_donations
charitytestuser643@yopmail.com,1,0.0,0.7513983249664307,0.0,,0.5645994427623577,1.3919033620618968,,future_1_donations
charitytestuser68@yopmail.com,1,0.0,0.7513983249664307,0.0,,0.5645994427623577,1.3919033620618968,,future_1_donations
charitytestuser746@yopmail.com,1,0.0,0.7513983249664307,0.0,,0.5645994427623577,1.3919033620618968,,future_1_donations
charitytestuser766@yopmail.com,1,0.0,0.7513983249664307,0.0,,0.5645994427623577,1.3919033620618968,,future_1_donations
charitytestuser770@yopmail.com,1,0.0,0.7513983249664307,0.0,,0.5645994427623577,1.3919033620618968,,future_1_donations
charitytestuser779@yopmail.com,1,0.0,0.7513983249664307,0.0,,0.5645994427623577,1.3919033620618968,,future_1_donations
charitytestuser808@yopmail.com,1,0.0,0.7513983249664307,0.0,,0.5645994427623577,1.3919033620618968,,future_1_donations
charitytestuser814@yopmail.com,1,0.0,0.7513983249664307,0.0,,0.5645994427623577,1.3919033620618968,,future_1_donations
charitytestuser860@yopmail.com,1,0.0,0.7513983249664307,0.0,,0.5645994427623577,1.3919033620618968,,future_1_donations
charitytestuser861@yopmail.com,1,0.0,0.7513983249664307,0.0,,0.5645994427623577,1.3919033620618968,,future_1_donations
charitytestuser870@yopmail.com,1,0.0,0.7513983249664307,0.0,,0.5645994427623577,1.3919033620618968,,future_1_donations
charitytestuser882@yopmail.com,1,0.0,0.7513983249664307,0.0,,0.5645994427623577,1.3919033620618968,,future_1_donations
charitytestuser914@yopmail.com,1,0.0,0.7513983249664307,0.0,,0.5645994427623577,1.3919033620618968,,future_1_donations
charitytestuser348@yopmail.com,1,1.0,0.24331870675086975,0.0,,0.5725665795531762,1.4133831445574438,,future_1_donations
charitytestuser941@yopmail.com,1,1.0,0.24331870675086975,0.0,,0.5725665795531762,1.4133831445574438,,future_1_donations
charitytestuser24@yopmail.com,1,1.0,0.23734357953071594,0.0,,0.5816448156830214,1.4382464849901797,,future_1_donations
charitytestuser50@yopmail.com,2,0.5,0.40823137760162354,0.0,0.0,0.5824022067400377,1.4945875996362206,0.0,future_1_donations
charitytestuser181@yopmail.com,2,1.0,0.24440112709999084,0.0,,0.5847764686898344,1.5408075109524542,,future_1_donations
charitytestuser616@yopmail.com,3,0.3333333333333333,0.936703622341156,0.3333333333333333,0.5,0.585310452372493,1.8536237883889946,1.0,future_1_donations
charitytestuser795@yopmail.com,1,1.0,0.23030097782611847,0.0,,0.5924365847354294,1.4683682262847089,,future_1_donations
charitytestuser950@yopmail.com,1,1.0,0.22291985154151917,0.0,,0.6038535571282546,1.500942982253035,,future_1_donations
charitytestuser802@yopmail.com,1,0.0,0.7832444906234741,0.0,,0.6134719320920254,1.528985245529061,,future_1_donations
charitytestuser557@yopmail.com,1,1.0,0.2141675502061844,0.0,,0.6175326391489497,1.5409966254130343,,future_1_donations
charitytestuser491@yopmail.com,1,1.0,0.1996973752975464,0.0,,0.6404842911056363,1.6109521818738493,,future_1_donations
charitytestuser524@yopmail.com,2,0.5,0.6501150131225586,0.0,0.0,0.6435436356401159,1.899526380594702,0.0,future_1_donations
charitytestuser549@yopmail.com,2,0.5,0.6501150131225586,0.0,0.0,0.6435436356401159,1.899526380594702,0.0,future_1_donations
charitytestuser576@yopmail.com,2,0.5,0.6501150131225586,0.0,0.0,0.6435436356401159,1.899526380594702,0.0,future_1_donations
charitytestuser553@yopmail.com,1,1.0,0.18728512525558472,0.0,,0.6605054676308306,1.6751230893671074,,future_1_donations
charitytestuser325@yopmail.com,1,1.0,0.17793549597263336,0.0,,0.6757900487817603,1.7263341765425568,,future_1_donations
charitytestuser558@yopmail.com,1,1.0,0.16341416537761688,0.0,,0.6998758586908294,1.8114674088962344,,future_1_donations
charitytestuser601@yopmail.com,2,0.0,0.8447773456573486,0.0,,0.7223683493225952,2.0875242578868254,,future_1_donations
charitytestuser755@yopmail.com,2,0.0,0.8447773456573486,0.0,,0.7223683493225952,2.0875242578868254,,future_1_donations
charitytestuser283@yopmail.com,1,0.0,0.9165647625923157,0.0,,0.840090964025908,2.4836845479665204,,future_1_donations
charitytestuser230@yopmail.com,1,0.0,0.9347716569900513,0.0,,0.8737980507119261,2.729861195766456,,future_1_donations
charitytestuser511@yopmail.com,1,0.0,0.9381563067436218,0.0,,0.8801372558828326,2.783145153711754,,future_1_donations
charitytestuser586@yopmail.com,1,0.0,0.9381563067436218,0.0,,0.8801372558828326,2.783145153711754,,future_1_donations
charitytestuser593@yopmail.com,1,0.0,0.9381563067436218,0.0,,0.8801372558828326,2.783145153711754,,future_1_donations
charitytestuser652@yopmail.com,1,0.0,0.9381563067436218,0.0,,0.8801372558828326,2.783145153711754,,future_1_donations
charitytestuser686@yopmail.com,1,0.0,0.9381563067436218,0.0,,0.8801372558828326,2.783145153711754,,future_1_donations
charitytestuser716@yopmail.com,1,0.0,0.9381563067436218,0.0,,0.8801372558828326,2.783145153711754,,future_1_donations
charitytestuser772@yopmail.com,1,0.0,0.9381563067436218,0.0,,0.8801372558828326,2.783145153711754,,future_1_donations
charitytestuser816@yopmail.com,1,0.0,0.9381563067436218,0.0,,0.8801372558828326,2.783145153711754,,future_1_donations
charitytestuser906@yopmail.com,1,0.0,0.9381563067436218,0.0,,0.8801372558828326,2.783145153711754,,future_1_donations
charitytestuser907@yopmail.com,1,0.0,0.9381563067436218,0.0,,0.8801372558828326,2.783145153711754,,future_1_donations
charitytestuser926@yopmail.com,1,0.0,0.9381563067436218,0.0,,0.8801372558828326,2.783145153711754,,future_1_donations
charitytestuser954@yopmail.com,1,0.0,0.9381563067436218,0.0,,0.8801372558828326,2.783145153711754,,future_1_donations
charitytestuser675@yopmail.com,1,0.0,0.9398776292800903,0.0,,0.8833699580211629,2.8113732817425987,,future_1_donations
charitytestuser5@yopmail.com,2,1.0,0.9694741368293762,1.0,,0.0009885476825743922,0.031031656100357678,,future_2_donations
charitytestuser280@yopmail.com,1,1.0,0.9439491629600525,1.0,,0.0031416963328787517,0.05768296708330484,,future_2_donations
charitytestuser21@yopmail.com,1,1.0,0.9426698684692383,1.0,,0.003286743981334439,0.0590391441021701,,future_2_donations
charitytestuser584@yopmail.com,1,1.0,0.9381563067436218,1.0,,0.003824642395588995,0.06383870553910864,,future_2_donations
charitytestuser644@yopmail.com,1,1.0,0.9381563067436218,1.0,,0.003824642395588995,0.06383870553910864,,future_2_donations
charitytestuser691@yopmail.com,1,1.0,0.9381563067436218,1.0,,0.003824642395588995,0.06383870553910864,,future_2_donations
charitytestuser724@yopmail.com,1,1.0,0.9381563067436218,1.0,,0.003824642395588995,0.06383870553910864,,future_2_donations
charitytestuser743@yopmail.com,1,1.0,0.9381563067436218,1.0,,0.003824642395588995,0.06383870553910864,,future_2_donations
charitytestuser830@yopmail.com,1,1.0,0.9381563067436218,1.0,,0.003824642395588995,0.06383870553910864,,future_2_donations
charitytestuser295@yopmail.com,1,1.0,0.9360151290893555,1.0,,0.004094063705451845,0.06612363907817018,,future_2_donations
charitytestuser148@yopmail.com,1,1.0,0.9315709471702576,1.0,,0.004682535271175681,0.07088292740687156,,future_2_donations
charitytestuser339@yopmail.com,1,1.0,0.9305952787399292,1.0,,0.004817015333188124,0.07193081293506103,,future_2_donations
charitytestuser589@yopmail.com,1,1.0,0.9289063811302185,1.0,,0.005054302644001751,0.07374731905663388,,future_2_donations
charitytestuser739@yopmail.com,1,1.0,0.9281286597251892,1.0,,0.00516548955289764,0.07458491386059576,,future_2_donations
charitytestuser557@yopmail.com,1,1.0,0.9240692257881165,1.0,,0.005765482472416039,0.07896829046268354,,future_2_donations
charitytestuser428@yopmail.com,1,1.0,0.9165647625923157,1.0,,0.006961438841276646,0.08712255125036907,,future_2_donations
charitytestuser39@yopmail.com,1,1.0,0.9027506113052368,1.0,,0.009457443601505133,0.10230894166585507,,future_2_donations
charitytestuser665@yopmail.com,1,0.0,0.13190248608589172,1.0,,0.01739826583563886,0.14145122741279498,,future_2_donations
charitytestuser60@yopmail.com,1,0.0,0.15373335778713226,1.0,,0.02363394529650642,0.1669207891140235,,future_2_donations
charitytestuser462@yopmail.com,1,1.0,0.8193029165267944,1.0,,0.03265143597572262,0.19930140206187524,,future_2_donations
charitytestuser159@yopmail.com,1,0.0,0.19626055657863617,1.0,,0.03851820606855605,0.21848013767349628,,future_2_donations
charitytestuser255@yopmail.com,1,0.0,0.23149473965168,1.0,,0.0535898144863991,0.26330787107138937,,future_2_donations
charitytestuser834@yopmail.com,1,0.0,0.23278549313545227,1.0,,0.054189085814315696,0.26498884674842027,,future_2_donations
charitytestuser882@yopmail.com,1,0.0,0.24331870675086975,1.0,,0.05920399305491575,0.2788131270764318,,future_2_donations
charitytestuser490@yopmail.com,1,1.0,0.7513983249664307,1.0,,0.06180279282949641,0.28581937506164085,,future_2_donations
charitytestuser57@yopmail.com,1,1.0,0.7513983249664307,1.0,,0.06180279282949641,0.28581937506164085,,future_2_donations
charitytestuser556@yopmail.com,2,0.5,0.6552026867866516,1.0,1.0,0.07119699398169255,0.2647252262390657,1.0,future_2_donations
charitytestuser300@yopmail.com,1,0.0,0.3003963828086853,1.0,,0.0902379868045422,0.357241365480395,,future_2_donations
charitytestuser409@yopmail.com,1,0.0,0.3095346689224243,1.0,,0.09581171126491483,0.3703895158254616,,future_2_donations
charitytestuser592@yopmail.com,2,0.0,0.3181353509426117,1.0,,0.1012101015193787,0.3829241026275083,,future_2_donations
charitytestuser654@yopmail.com,1,0.0,0.3181353509426117,1.0,,0.1012101015193787,0.3829241026275083,,future_2_donations
charitytestuser355@yopmail.com,1,0.0,0.3188715875148773,1.0,,0.10167908932425807,0.3840044260196721,,future_2_donations
charitytestuser483@yopmail.com,1,0.0,0.3188715875148773,1.0,,0.10167908932425807,0.3840044260196721,,future_2_donations
charitytestuser450@yopmail.com,1,0.0,0.32733121514320374,1.0,,0.10714572440712633,0.3965022177969582,,future_2_donations
charitytestuser94@yopmail.com,1,0.0,0.3313041627407074,1.0,,0.10976244824932113,0.4024259750660119,,future_2_donations
charitytestuser338@yopmail.com,1,0.0,0.3383300006389618,1.0,,0.11446718933235989,0.4129883377239507,,future_2_donations
charitytestuser647@yopmail.com,1,0.0,0.3655514121055603,1.0,,0.13362783489236918,0.4549990228577599,,future_2_donations
charitytestuser466@yopmail.com,1,0.0,0.4096319079399109,1.0,,0.16779830000249163,0.5270090517700072,,future_2_donations
charitytestuser225@yopmail.com,1,0.0,0.4277207851409912,1.0,,0.18294507004162597,0.5581282688374702,,future_2_donations
charitytestuser630@yopmail.com,1,1.0,0.3620736598968506,0.0,,0.40695001539739906,1.0159076074776499,,future_2_donations
charitytestuser208@yopmail.com,1,1.0,0.3546198904514313,0.0,,0.41651548580092257,1.0367087942715327,,future_2_donations
charitytestuser345@yopmail.com,1,1.0,0.34454578161239624,0.0,,0.42962023240210456,1.0655283044336792,,future_2_donations
charitytestuser38@yopmail.com,1,1.0,0.32733121514320374,0.0,,0.45248329412071886,1.1167827303659938,,future_2_donations
charitytestuser257@yopmail.com,1,0.0,0.7513983249664307,0.0,,0.5645994427623577,1.3919033620618968,,future_2_donations
charitytestuser833@yopmail.com,1,0.0,0.7513983249664307,0.0,,0.5645994427623577,1.3919033620618968,,future_2_donations
charitytestuser545@yopmail.com,1,0.0,0.9381563067436218,0.0,,0.8801372558828326,2.783145153711754,,future_2_donations
charitytestuser879@yopmail.com,1,0.0,0.9381563067436218,0.0,,0.8801372558828326,2.783145153711754,,future_2_donations
charitytestuser960@yopmail.com,1,0.0,0.9381563067436218,0.0,,0.8801372558828326,2.783145153711754,,future_2_donations
charitytestuser321@yopmail.com,1,0.0,0.9439491629600525,0.0,,0.8910400222529837,2.8814961957673138,,future_2_donations
charitytestuser23@yopmail.com,1,1.0,0.9791087508201599,1.0,,0.00043644429229416914,0.021112559045710192,,future_3_donations
charitytestuser200@yopmail.com,1,1.0,0.9404059052467346,1.0,,0.0035514561294611724,0.06144368283069126,,future_3_donations
charitytestuser986@yopmail.com,1,1.0,0.9381563067436218,1.0,,0.003824642395588995,0.06383870553910864,,future_3_donations
charitytestuser141@yopmail.com,1,1.0,0.9336748123168945,1.0,,0.004399030521199165,0.06862706806165347,,future_3_donations
charitytestuser195@yopmail.com,1,1.0,0.9317190051078796,1.0,,0.004662294263457767,0.07072400642116812,,future_3_donations
charitytestuser19@yopmail.com,1,1.0,0.9314683079719543,1.0,,0.004696592812226896,0.07099311209366628,,future_3_donations
charitytestuser719@yopmail.com,1,0.0,0.17261667549610138,1.0,,0.029796516659326366,0.18948717925038233,,future_3_donations
charitytestuser671@yopmail.com,1,0.0,0.17694421112537384,1.0,,0.03130925385078087,0.19473129339154902,,future_3_donations
charitytestuser89@yopmail.com,1,0.0,0.23014064133167267,1.0,,0.0529647147925536,0.2615474318972419,,future_3_donations
charitytestuser271@yopmail.com,1,0.0,0.24331870675086975,1.0,,0.05920399305491575,0.2788131270764318,,future_3_donations
charitytestuser259@yopmail.com,1,0.0,0.3188715875148773,1.0,,0.10167908932425807,0.3840044260196721,,future_3_donations
charitytestuser355@yopmail.com,1,0.0,0.32285478711128235,1.0,,0.10423521356067145,0.38986953440479666,,future_3_donations
